timestamp, power.draw [W], utilization.gpu [%]
2026/05/28 02:54:53.399, 36.05 W, 0 %
2026/05/28 02:54:53.503, 36.14 W, 0 %
2026/05/28 02:54:53.606, 36.05 W, 0 %
2026/05/28 02:54:53.709, 36.14 W, 0 %
2026/05/28 02:54:53.812, 36.05 W, 0 %
2026/05/28 02:54:53.915, 36.05 W, 0 %
2026/05/28 02:54:54.096, 35.95 W, 0 %
2026/05/28 02:54:54.199, 35.95 W, 2 %
2026/05/28 02:54:54.305, 46.22 W, 2 %
2026/05/28 02:54:54.408, 46.79 W, 65 %
2026/05/28 02:54:54.511, 46.89 W, 65 %
2026/05/28 02:54:54.614, 46.87 W, 100 %
2026/05/28 02:54:54.718, 46.98 W, 100 %
2026/05/28 02:54:54.821, 46.60 W, 100 %
2026/05/28 02:54:54.929, 46.31 W, 94 %
2026/05/28 02:54:55.032, 46.70 W, 94 %
2026/05/28 02:54:55.135, 46.80 W, 88 %
2026/05/28 02:54:55.238, 46.98 W, 100 %
2026/05/28 02:54:55.341, 46.98 W, 100 %
2026/05/28 02:54:55.450, 46.89 W, 100 %
2026/05/28 02:54:55.553, 46.87 W, 100 %
2026/05/28 02:54:55.656, 46.79 W, 100 %
2026/05/28 02:54:55.759, 46.89 W, 100 %
2026/05/28 02:54:55.862, 46.89 W, 100 %
2026/05/28 02:54:55.965, 46.79 W, 100 %
2026/05/28 02:54:56.071, 46.89 W, 100 %
2026/05/28 02:54:56.174, 46.99 W, 100 %
2026/05/28 02:54:56.277, 46.89 W, 100 %
2026/05/28 02:54:56.380, 47.06 W, 100 %
2026/05/28 02:54:56.483, 46.89 W, 100 %
2026/05/28 02:54:56.586, 46.89 W, 100 %
2026/05/28 02:54:56.692, 46.79 W, 100 %
2026/05/28 02:54:56.795, 46.98 W, 100 %
2026/05/28 02:54:56.898, 46.89 W, 100 %
2026/05/28 02:54:57.001, 46.99 W, 100 %
2026/05/28 02:54:57.104, 47.08 W, 100 %
2026/05/28 02:54:57.207, 46.90 W, 100 %
2026/05/28 02:54:57.313, 47.08 W, 100 %
2026/05/28 02:54:57.416, 46.97 W, 100 %
2026/05/28 02:54:57.519, 46.98 W, 100 %
2026/05/28 02:54:57.622, 47.08 W, 100 %
2026/05/28 02:54:57.726, 46.79 W, 100 %
2026/05/28 02:54:57.829, 46.79 W, 100 %
2026/05/28 02:54:57.940, 46.98 W, 100 %
2026/05/28 02:54:58.043, 46.90 W, 100 %
2026/05/28 02:54:58.146, 46.99 W, 100 %
2026/05/28 02:54:58.249, 47.08 W, 100 %
2026/05/28 02:54:58.352, 46.98 W, 100 %
2026/05/28 02:54:58.456, 46.98 W, 100 %
2026/05/28 02:54:58.563, 47.08 W, 100 %
2026/05/28 02:54:58.666, 46.98 W, 100 %
2026/05/28 02:54:58.769, 46.99 W, 100 %
2026/05/28 02:54:58.872, 46.97 W, 100 %
2026/05/28 02:54:58.975, 46.98 W, 100 %
2026/05/28 02:54:59.078, 47.08 W, 100 %
2026/05/28 02:54:59.186, 46.89 W, 100 %
2026/05/28 02:54:59.289, 46.87 W, 100 %
2026/05/28 02:54:59.392, 46.79 W, 100 %
2026/05/28 02:54:59.495, 46.98 W, 100 %
2026/05/28 02:54:59.598, 46.87 W, 100 %
2026/05/28 02:54:59.701, 46.87 W, 100 %
2026/05/28 02:54:59.809, 46.89 W, 100 %
2026/05/28 02:54:59.912, 46.98 W, 100 %
2026/05/28 02:55:00.015, 46.87 W, 100 %
2026/05/28 02:55:00.118, 47.08 W, 100 %
2026/05/28 02:55:00.221, 46.98 W, 100 %
2026/05/28 02:55:00.324, 47.09 W, 100 %
2026/05/28 02:55:00.431, 47.09 W, 100 %
2026/05/28 02:55:00.534, 46.89 W, 100 %
2026/05/28 02:55:00.638, 46.98 W, 100 %
2026/05/28 02:55:00.741, 46.99 W, 100 %
2026/05/28 02:55:00.844, 46.98 W, 100 %
2026/05/28 02:55:00.947, 47.06 W, 100 %
2026/05/28 02:55:01.057, 46.98 W, 100 %
2026/05/28 02:55:01.160, 47.06 W, 100 %
2026/05/28 02:55:01.263, 47.06 W, 100 %
2026/05/28 02:55:01.366, 46.89 W, 100 %
2026/05/28 02:55:01.470, 47.07 W, 100 %
2026/05/28 02:55:01.573, 47.08 W, 100 %
2026/05/28 02:55:01.679, 46.98 W, 100 %
2026/05/28 02:55:01.782, 47.16 W, 100 %
2026/05/28 02:55:01.885, 47.09 W, 100 %
2026/05/28 02:55:01.988, 47.08 W, 100 %
2026/05/28 02:55:02.091, 46.97 W, 100 %
2026/05/28 02:55:02.194, 47.08 W, 100 %
2026/05/28 02:55:02.301, 47.08 W, 100 %
2026/05/28 02:55:02.405, 46.97 W, 100 %
2026/05/28 02:55:02.508, 46.98 W, 100 %
2026/05/28 02:55:02.611, 47.09 W, 100 %
2026/05/28 02:55:02.714, 46.98 W, 100 %
2026/05/28 02:55:02.817, 47.06 W, 100 %
2026/05/28 02:55:02.924, 46.87 W, 100 %
2026/05/28 02:55:03.027, 46.99 W, 100 %
2026/05/28 02:55:03.130, 47.08 W, 100 %
2026/05/28 02:55:03.234, 47.08 W, 100 %
2026/05/28 02:55:03.337, 47.16 W, 100 %
2026/05/28 02:55:03.440, 47.08 W, 100 %
2026/05/28 02:55:03.543, 46.98 W, 100 %
2026/05/28 02:55:03.649, 47.17 W, 100 %
2026/05/28 02:55:03.752, 47.06 W, 100 %
2026/05/28 02:55:03.855, 47.18 W, 100 %
2026/05/28 02:55:03.958, 46.99 W, 100 %
2026/05/28 02:55:04.061, 46.98 W, 100 %
2026/05/28 02:55:04.164, 46.98 W, 100 %
2026/05/28 02:55:04.274, 47.08 W, 100 %
2026/05/28 02:55:04.377, 47.09 W, 100 %
2026/05/28 02:55:04.481, 36.34 W, 73 %
2026/05/28 02:55:04.584, 36.14 W, 73 %
2026/05/28 02:55:04.687, 36.24 W, 0 %
2026/05/28 02:55:04.790, 36.14 W, 0 %
2026/05/28 02:55:04.896, 49.66 W, 0 %
2026/05/28 02:55:05.000, 58.10 W, 28 %
2026/05/28 02:55:05.103, 58.20 W, 100 %
2026/05/28 02:55:05.206, 58.10 W, 100 %
2026/05/28 02:55:05.309, 58.20 W, 100 %
2026/05/28 02:55:05.412, 58.30 W, 100 %
2026/05/28 02:55:05.519, 58.39 W, 100 %
2026/05/28 02:55:05.623, 58.20 W, 100 %
2026/05/28 02:55:05.726, 58.30 W, 100 %
2026/05/28 02:55:05.829, 58.09 W, 100 %
2026/05/28 02:55:05.932, 58.30 W, 100 %
2026/05/28 02:55:06.035, 58.30 W, 100 %
2026/05/28 02:55:06.138, 58.20 W, 100 %
2026/05/28 02:55:06.245, 58.20 W, 100 %
2026/05/28 02:55:06.348, 58.10 W, 100 %
2026/05/28 02:55:06.451, 58.49 W, 100 %
2026/05/28 02:55:06.554, 58.20 W, 100 %
2026/05/28 02:55:06.657, 58.19 W, 100 %
2026/05/28 02:55:06.760, 58.39 W, 100 %
2026/05/28 02:55:06.863, 58.30 W, 100 %
2026/05/28 02:55:06.966, 58.20 W, 100 %
2026/05/28 02:55:07.073, 58.39 W, 100 %
2026/05/28 02:55:07.176, 58.39 W, 100 %
2026/05/28 02:55:07.279, 58.20 W, 100 %
2026/05/28 02:55:07.382, 58.10 W, 100 %
2026/05/28 02:55:07.486, 58.39 W, 100 %
2026/05/28 02:55:07.589, 58.20 W, 100 %
2026/05/28 02:55:07.692, 58.39 W, 100 %
2026/05/28 02:55:07.795, 58.30 W, 100 %
2026/05/28 02:55:07.898, 58.38 W, 100 %
2026/05/28 02:55:08.009, 58.39 W, 100 %
2026/05/28 02:55:08.112, 58.49 W, 100 %
2026/05/28 02:55:08.215, 58.20 W, 100 %
2026/05/28 02:55:08.318, 58.49 W, 100 %
2026/05/28 02:55:08.421, 58.39 W, 100 %
2026/05/28 02:55:08.525, 58.30 W, 100 %
2026/05/28 02:55:08.628, 58.39 W, 100 %
2026/05/28 02:55:08.731, 58.20 W, 100 %
2026/05/28 02:55:08.834, 58.39 W, 100 %
2026/05/28 02:55:08.942, 58.39 W, 100 %
2026/05/28 02:55:09.045, 58.39 W, 100 %
2026/05/28 02:55:09.148, 58.39 W, 100 %
2026/05/28 02:55:09.252, 58.30 W, 100 %
2026/05/28 02:55:09.355, 58.30 W, 100 %
2026/05/28 02:55:09.458, 58.20 W, 100 %
2026/05/28 02:55:09.561, 58.30 W, 100 %
2026/05/28 02:55:09.664, 58.28 W, 100 %
2026/05/28 02:55:09.767, 58.39 W, 100 %
2026/05/28 02:55:09.870, 58.39 W, 100 %
2026/05/28 02:55:09.973, 58.58 W, 100 %
2026/05/28 02:55:10.081, 58.39 W, 100 %
2026/05/28 02:55:10.184, 58.49 W, 100 %
2026/05/28 02:55:10.287, 58.30 W, 100 %
2026/05/28 02:55:10.390, 58.49 W, 100 %
2026/05/28 02:55:10.493, 58.39 W, 100 %
2026/05/28 02:55:10.597, 58.39 W, 100 %
2026/05/28 02:55:10.700, 58.30 W, 100 %
2026/05/28 02:55:10.803, 58.49 W, 100 %
2026/05/28 02:55:10.906, 58.39 W, 100 %
2026/05/28 02:55:11.010, 58.58 W, 100 %
2026/05/28 02:55:11.118, 58.39 W, 100 %
2026/05/28 02:55:11.221, 58.39 W, 100 %
2026/05/28 02:55:11.324, 58.30 W, 100 %
2026/05/28 02:55:11.428, 58.49 W, 100 %
2026/05/28 02:55:11.531, 58.39 W, 100 %
2026/05/28 02:55:11.634, 58.30 W, 100 %
2026/05/28 02:55:11.738, 58.58 W, 100 %
2026/05/28 02:55:11.841, 58.49 W, 100 %
2026/05/28 02:55:11.944, 58.39 W, 100 %
2026/05/28 02:55:12.051, 58.39 W, 100 %
2026/05/28 02:55:12.155, 58.30 W, 100 %
2026/05/28 02:55:12.258, 58.58 W, 100 %
2026/05/28 02:55:12.361, 58.30 W, 100 %
2026/05/28 02:55:12.464, 58.49 W, 100 %
2026/05/28 02:55:12.568, 58.49 W, 100 %
2026/05/28 02:55:12.671, 58.39 W, 100 %
2026/05/28 02:55:12.774, 58.58 W, 100 %
2026/05/28 02:55:12.878, 58.30 W, 100 %
2026/05/28 02:55:12.981, 58.49 W, 100 %
2026/05/28 02:55:13.084, 58.39 W, 100 %
2026/05/28 02:55:13.187, 58.49 W, 100 %
2026/05/28 02:55:13.291, 58.49 W, 100 %
2026/05/28 02:55:13.396, 58.49 W, 100 %
2026/05/28 02:55:13.506, 58.49 W, 100 %
2026/05/28 02:55:13.609, 58.39 W, 100 %
2026/05/28 02:55:13.712, 58.49 W, 100 %
2026/05/28 02:55:13.815, 58.49 W, 100 %
2026/05/28 02:55:13.919, 58.58 W, 100 %
2026/05/28 02:55:14.022, 58.49 W, 100 %
2026/05/28 02:55:14.125, 58.49 W, 100 %
2026/05/28 02:55:14.228, 58.39 W, 100 %
2026/05/28 02:55:14.332, 58.67 W, 100 %
2026/05/28 02:55:14.435, 58.68 W, 100 %
2026/05/28 02:55:14.541, 58.39 W, 100 %
2026/05/28 02:55:14.644, 58.39 W, 100 %
2026/05/28 02:55:14.747, 58.49 W, 100 %
2026/05/28 02:55:14.850, 58.58 W, 100 %
2026/05/28 02:55:14.953, 58.49 W, 100 %
2026/05/28 02:55:15.056, 58.30 W, 100 %
2026/05/28 02:55:15.160, 37.78 W, 100 %
2026/05/28 02:55:15.266, 36.53 W, 17 %
2026/05/28 02:55:15.369, 36.62 W, 17 %
2026/05/28 02:55:15.473, 36.53 W, 0 %
2026/05/28 02:55:15.576, 36.43 W, 0 %
2026/05/28 02:55:15.679, 78.68 W, 0 %
2026/05/28 02:55:15.782, 80.31 W, 81 %
2026/05/28 02:55:15.888, 80.60 W, 81 %
2026/05/28 02:55:16.000, 80.50 W, 100 %
2026/05/28 02:55:16.108, 80.49 W, 100 %
2026/05/28 02:55:16.211, 80.40 W, 100 %
2026/05/28 02:55:16.314, 80.40 W, 100 %
2026/05/28 02:55:16.418, 80.40 W, 100 %
2026/05/28 02:55:16.521, 80.49 W, 100 %
2026/05/28 02:55:16.624, 80.40 W, 100 %
2026/05/28 02:55:16.730, 80.30 W, 100 %
2026/05/28 02:55:16.842, 80.49 W, 100 %
2026/05/28 02:55:16.950, 80.59 W, 100 %
2026/05/28 02:55:17.053, 80.59 W, 100 %
2026/05/28 02:55:17.162, 80.50 W, 100 %
2026/05/28 02:55:17.265, 80.30 W, 100 %
2026/05/28 02:55:17.371, 80.40 W, 100 %
2026/05/28 02:55:17.483, 80.31 W, 100 %
2026/05/28 02:55:17.591, 80.49 W, 100 %
2026/05/28 02:55:17.704, 80.69 W, 100 %
2026/05/28 02:55:17.812, 80.49 W, 100 %
2026/05/28 02:55:17.915, 80.49 W, 100 %
2026/05/28 02:55:18.025, 80.60 W, 100 %
2026/05/28 02:55:18.133, 80.40 W, 100 %
2026/05/28 02:55:18.245, 80.69 W, 100 %
2026/05/28 02:55:18.354, 80.78 W, 100 %
2026/05/28 02:55:18.457, 80.59 W, 100 %
2026/05/28 02:55:18.566, 80.59 W, 100 %
2026/05/28 02:55:18.675, 80.59 W, 100 %
2026/05/28 02:55:18.786, 80.69 W, 100 %
2026/05/28 02:55:18.895, 80.78 W, 100 %
2026/05/28 02:55:18.998, 80.88 W, 100 %
2026/05/28 02:55:19.102, 80.69 W, 100 %
2026/05/28 02:55:19.205, 80.49 W, 100 %
2026/05/28 02:55:19.309, 80.69 W, 100 %
2026/05/28 02:55:19.416, 80.49 W, 100 %
2026/05/28 02:55:19.530, 80.78 W, 100 %
2026/05/28 02:55:19.637, 80.60 W, 100 %
2026/05/28 02:55:19.749, 80.79 W, 100 %
2026/05/28 02:55:19.858, 80.88 W, 100 %
2026/05/28 02:55:19.961, 80.78 W, 100 %
2026/05/28 02:55:20.066, 80.78 W, 100 %
2026/05/28 02:55:20.169, 80.88 W, 100 %
2026/05/28 02:55:20.272, 80.69 W, 100 %
2026/05/28 02:55:20.379, 80.69 W, 100 %
2026/05/28 02:55:20.482, 80.78 W, 100 %
2026/05/28 02:55:20.587, 80.78 W, 100 %
2026/05/28 02:55:20.690, 80.69 W, 100 %
2026/05/28 02:55:20.793, 80.69 W, 100 %
2026/05/28 02:55:20.900, 80.78 W, 100 %
2026/05/28 02:55:21.007, 80.90 W, 100 %
2026/05/28 02:55:21.111, 80.88 W, 100 %
2026/05/28 02:55:21.214, 80.88 W, 100 %
2026/05/28 02:55:21.321, 80.79 W, 100 %
2026/05/28 02:55:21.429, 81.07 W, 100 %
2026/05/28 02:55:21.533, 80.88 W, 100 %
2026/05/28 02:55:21.642, 80.89 W, 100 %
2026/05/28 02:55:21.750, 80.97 W, 100 %
2026/05/28 02:55:21.853, 80.69 W, 100 %
2026/05/28 02:55:21.956, 80.88 W, 100 %
2026/05/28 02:55:22.063, 80.69 W, 100 %
2026/05/28 02:55:22.166, 80.89 W, 100 %
2026/05/28 02:55:22.269, 80.79 W, 100 %
2026/05/28 02:55:22.372, 80.78 W, 100 %
2026/05/28 02:55:22.475, 80.78 W, 100 %
2026/05/28 02:55:22.583, 80.79 W, 100 %
2026/05/28 02:55:22.691, 80.88 W, 100 %
2026/05/28 02:55:22.794, 80.97 W, 100 %
2026/05/28 02:55:22.898, 80.60 W, 100 %
2026/05/28 02:55:23.004, 80.97 W, 100 %
2026/05/28 02:55:23.112, 80.90 W, 100 %
2026/05/28 02:55:23.215, 80.97 W, 100 %
2026/05/28 02:55:23.319, 80.69 W, 100 %
2026/05/28 02:55:23.425, 80.78 W, 100 %
2026/05/28 02:55:23.529, 80.89 W, 100 %
2026/05/28 02:55:23.632, 80.97 W, 100 %
2026/05/28 02:55:23.735, 80.79 W, 100 %
2026/05/28 02:55:23.839, 81.08 W, 100 %
2026/05/28 02:55:23.947, 80.89 W, 100 %
2026/05/28 02:55:24.050, 80.88 W, 100 %
2026/05/28 02:55:24.155, 80.79 W, 100 %
2026/05/28 02:55:24.258, 81.00 W, 100 %
2026/05/28 02:55:24.361, 80.89 W, 100 %
2026/05/28 02:55:24.468, 80.88 W, 100 %
2026/05/28 02:55:24.575, 81.07 W, 100 %
2026/05/28 02:55:24.679, 81.17 W, 100 %
2026/05/28 02:55:24.782, 80.97 W, 100 %
2026/05/28 02:55:24.889, 80.88 W, 100 %
2026/05/28 02:55:24.992, 80.88 W, 100 %
2026/05/28 02:55:25.097, 80.97 W, 100 %
2026/05/28 02:55:25.200, 80.97 W, 100 %
2026/05/28 02:55:25.303, 80.78 W, 100 %
2026/05/28 02:55:25.410, 80.97 W, 100 %
2026/05/28 02:55:25.517, 81.07 W, 100 %
2026/05/28 02:55:25.620, 80.89 W, 100 %
2026/05/28 02:55:25.724, 80.79 W, 100 %
2026/05/28 02:55:25.830, 80.97 W, 100 %
2026/05/28 02:55:25.939, 81.07 W, 100 %
2026/05/28 02:55:26.043, 80.97 W, 100 %
2026/05/28 02:55:26.152, 38.16 W, 80 %
2026/05/28 02:55:26.259, 37.10 W, 80 %
2026/05/28 02:55:26.362, 37.20 W, 0 %
2026/05/28 02:55:26.466, 37.20 W, 0 %
2026/05/28 02:55:26.572, 37.01 W, 0 %
2026/05/28 02:55:26.675, 110.21 W, 20 %
2026/05/28 02:55:26.780, 112.23 W, 20 %
2026/05/28 02:55:26.883, 112.89 W, 99 %
2026/05/28 02:55:26.986, 112.98 W, 100 %
2026/05/28 02:55:27.094, 112.79 W, 100 %
2026/05/28 02:55:27.201, 112.50 W, 100 %
2026/05/28 02:55:27.304, 113.08 W, 100 %
2026/05/28 02:55:27.408, 113.27 W, 100 %
2026/05/28 02:55:27.515, 112.79 W, 100 %
2026/05/28 02:55:27.618, 113.17 W, 100 %
2026/05/28 02:55:27.722, 113.17 W, 100 %
2026/05/28 02:55:27.825, 112.98 W, 100 %
2026/05/28 02:55:27.928, 113.08 W, 100 %
2026/05/28 02:55:28.037, 111.83 W, 100 %
2026/05/28 02:55:28.151, 110.30 W, 100 %
2026/05/28 02:55:28.255, 112.69 W, 100 %
2026/05/28 02:55:28.359, 112.79 W, 100 %
2026/05/28 02:55:28.465, 113.17 W, 100 %
2026/05/28 02:55:28.572, 113.27 W, 100 %
2026/05/28 02:55:28.675, 112.98 W, 100 %
2026/05/28 02:55:28.778, 112.79 W, 100 %
2026/05/28 02:55:28.886, 113.27 W, 100 %
2026/05/28 02:55:28.993, 113.27 W, 100 %
2026/05/28 02:55:29.096, 112.89 W, 100 %
2026/05/28 02:55:29.200, 113.17 W, 100 %
2026/05/28 02:55:29.307, 113.27 W, 100 %
2026/05/28 02:55:29.414, 113.36 W, 100 %
2026/05/28 02:55:29.517, 113.27 W, 100 %
2026/05/28 02:55:29.621, 113.08 W, 100 %
2026/05/28 02:55:29.728, 113.17 W, 100 %
2026/05/28 02:55:29.834, 113.56 W, 100 %
2026/05/28 02:55:29.938, 113.46 W, 100 %
2026/05/28 02:55:30.041, 113.17 W, 100 %
2026/05/28 02:55:30.149, 112.98 W, 100 %
2026/05/28 02:55:30.256, 113.08 W, 100 %
2026/05/28 02:55:30.361, 112.89 W, 100 %
2026/05/28 02:55:30.464, 113.08 W, 100 %
2026/05/28 02:55:30.570, 113.46 W, 100 %
2026/05/28 02:55:30.678, 113.27 W, 100 %
2026/05/28 02:55:30.781, 113.08 W, 100 %
2026/05/28 02:55:30.884, 113.36 W, 100 %
2026/05/28 02:55:30.992, 113.46 W, 100 %
2026/05/28 02:55:31.099, 113.17 W, 100 %
2026/05/28 02:55:31.202, 113.27 W, 100 %
2026/05/28 02:55:31.305, 112.98 W, 100 %
2026/05/28 02:55:31.412, 113.27 W, 100 %
2026/05/28 02:55:31.520, 113.46 W, 100 %
2026/05/28 02:55:31.623, 112.02 W, 100 %
2026/05/28 02:55:31.756, 110.97 W, 100 %
2026/05/28 02:55:31.863, 110.87 W, 100 %
2026/05/28 02:55:31.967, 111.07 W, 100 %
2026/05/28 02:55:32.070, 111.07 W, 100 %
2026/05/28 02:55:32.178, 111.16 W, 100 %
2026/05/28 02:55:32.281, 111.07 W, 100 %
2026/05/28 02:55:32.385, 111.16 W, 100 %
2026/05/28 02:55:32.488, 110.97 W, 100 %
2026/05/28 02:55:32.591, 111.26 W, 100 %
2026/05/28 02:55:32.698, 111.26 W, 100 %
2026/05/28 02:55:32.802, 110.87 W, 100 %
2026/05/28 02:55:32.906, 111.07 W, 100 %
2026/05/28 02:55:33.009, 111.26 W, 100 %
2026/05/28 02:55:33.112, 111.16 W, 100 %
2026/05/28 02:55:33.220, 110.97 W, 100 %
2026/05/28 02:55:33.327, 111.16 W, 100 %
2026/05/28 02:55:33.430, 111.16 W, 100 %
2026/05/28 02:55:33.533, 111.07 W, 100 %
2026/05/28 02:55:33.641, 111.16 W, 100 %
2026/05/28 02:55:33.748, 111.26 W, 100 %
2026/05/28 02:55:33.851, 111.16 W, 100 %
2026/05/28 02:55:33.955, 111.16 W, 100 %
2026/05/28 02:55:34.062, 111.26 W, 100 %
2026/05/28 02:55:34.170, 111.10 W, 100 %
2026/05/28 02:55:34.273, 110.97 W, 100 %
2026/05/28 02:55:34.377, 111.16 W, 100 %
2026/05/28 02:55:34.484, 111.35 W, 100 %
2026/05/28 02:55:34.591, 111.35 W, 100 %
2026/05/28 02:55:34.694, 111.16 W, 100 %
2026/05/28 02:55:34.798, 111.45 W, 100 %
2026/05/28 02:55:34.905, 111.26 W, 100 %
2026/05/28 02:55:35.009, 111.26 W, 100 %
2026/05/28 02:55:35.112, 111.26 W, 100 %
2026/05/28 02:55:35.216, 111.35 W, 100 %
2026/05/28 02:55:35.319, 111.07 W, 100 %
2026/05/28 02:55:35.426, 111.07 W, 100 %
2026/05/28 02:55:35.529, 111.07 W, 100 %
2026/05/28 02:55:35.633, 111.07 W, 100 %
2026/05/28 02:55:35.736, 111.07 W, 100 %
2026/05/28 02:55:35.839, 111.16 W, 100 %
2026/05/28 02:55:35.948, 111.26 W, 100 %
2026/05/28 02:55:36.051, 111.26 W, 100 %
2026/05/28 02:55:36.155, 111.35 W, 100 %
2026/05/28 02:55:36.258, 111.26 W, 100 %
2026/05/28 02:55:36.361, 111.45 W, 100 %
2026/05/28 02:55:36.469, 111.21 W, 100 %
2026/05/28 02:55:36.572, 111.35 W, 100 %
2026/05/28 02:55:36.677, 111.16 W, 100 %
2026/05/28 02:55:36.781, 111.18 W, 100 %
2026/05/28 02:55:36.884, 111.08 W, 100 %
2026/05/28 02:55:36.991, 111.26 W, 100 %
2026/05/28 02:55:37.098, 111.35 W, 100 %
2026/05/28 02:55:37.201, 111.26 W, 100 %
2026/05/28 02:55:37.304, 111.26 W, 100 %
2026/05/28 02:55:37.412, 111.35 W, 100 %
2026/05/28 02:55:37.519, 111.26 W, 100 %
2026/05/28 02:55:37.622, 111.26 W, 100 %
2026/05/28 02:55:37.725, 38.26 W, 80 %
2026/05/28 02:55:37.833, 37.58 W, 80 %
2026/05/28 02:55:37.941, 37.49 W, 0 %
2026/05/28 02:55:38.044, 37.39 W, 0 %
2026/05/28 02:55:38.147, 37.49 W, 0 %
2026/05/28 02:55:38.254, 108.59 W, 20 %
2026/05/28 02:55:38.362, 110.80 W, 20 %
2026/05/28 02:55:38.465, 108.96 W, 100 %
2026/05/28 02:55:38.568, 109.93 W, 100 %
2026/05/28 02:55:38.676, 109.38 W, 100 %
2026/05/28 02:55:38.784, 107.33 W, 100 %
2026/05/28 02:55:38.887, 107.00 W, 100 %
2026/05/28 02:55:38.991, 104.65 W, 100 %
2026/05/28 02:55:39.099, 105.53 W, 100 %
2026/05/28 02:55:39.206, 101.98 W, 100 %
2026/05/28 02:55:39.309, 104.18 W, 100 %
2026/05/28 02:55:39.412, 103.63 W, 100 %
2026/05/28 02:55:39.519, 103.21 W, 100 %
2026/05/28 02:55:39.627, 104.86 W, 100 %
2026/05/28 02:55:39.730, 105.03 W, 100 %
2026/05/28 02:55:39.833, 104.31 W, 100 %
2026/05/28 02:55:39.940, 103.05 W, 100 %
2026/05/28 02:55:40.047, 103.80 W, 100 %
2026/05/28 02:55:40.150, 104.49 W, 100 %
2026/05/28 02:55:40.253, 108.19 W, 100 %
2026/05/28 02:55:40.362, 103.07 W, 100 %
2026/05/28 02:55:40.467, 105.89 W, 100 %
2026/05/28 02:55:40.571, 106.47 W, 100 %
2026/05/28 02:55:40.674, 108.96 W, 100 %
2026/05/28 02:55:40.782, 108.69 W, 100 %
2026/05/28 02:55:40.889, 108.96 W, 100 %
2026/05/28 02:55:40.992, 111.35 W, 100 %
2026/05/28 02:55:41.096, 109.72 W, 100 %
2026/05/28 02:55:41.203, 110.78 W, 100 %
2026/05/28 02:55:41.310, 109.05 W, 100 %
2026/05/28 02:55:41.413, 109.63 W, 100 %
2026/05/28 02:55:41.517, 107.19 W, 100 %
2026/05/28 02:55:41.624, 111.26 W, 100 %
2026/05/28 02:55:41.731, 109.44 W, 100 %
2026/05/28 02:55:41.834, 107.27 W, 100 %
2026/05/28 02:55:41.937, 110.01 W, 100 %
2026/05/28 02:55:42.045, 108.77 W, 100 %
2026/05/28 02:55:42.152, 109.74 W, 100 %
2026/05/28 02:55:42.255, 105.80 W, 100 %
2026/05/28 02:55:42.358, 106.52 W, 100 %
2026/05/28 02:55:42.466, 103.36 W, 100 %
2026/05/28 02:55:42.574, 103.98 W, 100 %
2026/05/28 02:55:42.677, 106.29 W, 100 %
2026/05/28 02:55:42.780, 106.29 W, 100 %
2026/05/28 02:55:42.888, 102.09 W, 100 %
2026/05/28 02:55:42.994, 104.09 W, 100 %
2026/05/28 02:55:43.098, 106.95 W, 100 %
2026/05/28 02:55:43.201, 110.13 W, 100 %
2026/05/28 02:55:43.309, 109.44 W, 100 %
2026/05/28 02:55:43.412, 111.26 W, 100 %
2026/05/28 02:55:43.515, 108.96 W, 100 %
2026/05/28 02:55:43.618, 107.46 W, 100 %
2026/05/28 02:55:43.722, 104.20 W, 100 %
2026/05/28 02:55:43.830, 103.53 W, 100 %
2026/05/28 02:55:43.937, 103.43 W, 100 %
2026/05/28 02:55:44.040, 103.64 W, 100 %
2026/05/28 02:55:44.143, 104.71 W, 100 %
2026/05/28 02:55:44.251, 102.94 W, 100 %
2026/05/28 02:55:44.358, 104.47 W, 100 %
2026/05/28 02:55:44.461, 104.74 W, 100 %
2026/05/28 02:55:44.564, 105.85 W, 100 %
2026/05/28 02:55:44.670, 102.69 W, 100 %
2026/05/28 02:55:44.778, 104.90 W, 100 %
2026/05/28 02:55:44.881, 106.96 W, 100 %
2026/05/28 02:55:44.984, 107.92 W, 100 %
2026/05/28 02:55:45.092, 102.65 W, 100 %
2026/05/28 02:55:45.198, 105.12 W, 100 %
2026/05/28 02:55:45.301, 106.77 W, 100 %
2026/05/28 02:55:45.405, 108.96 W, 100 %
2026/05/28 02:55:45.513, 107.43 W, 100 %
2026/05/28 02:55:45.620, 109.34 W, 100 %
2026/05/28 02:55:45.723, 108.86 W, 100 %
2026/05/28 02:55:45.826, 109.34 W, 100 %
2026/05/28 02:55:45.934, 107.33 W, 100 %
2026/05/28 02:55:46.040, 109.82 W, 100 %
2026/05/28 02:55:46.144, 110.49 W, 100 %
2026/05/28 02:55:46.247, 108.38 W, 100 %
2026/05/28 02:55:46.353, 109.25 W, 100 %
2026/05/28 02:55:46.461, 110.14 W, 100 %
2026/05/28 02:55:46.564, 106.75 W, 100 %
2026/05/28 02:55:46.668, 106.12 W, 100 %
2026/05/28 02:55:46.775, 109.63 W, 100 %
2026/05/28 02:55:46.881, 109.83 W, 100 %
2026/05/28 02:55:46.984, 108.99 W, 100 %
2026/05/28 02:55:47.087, 103.64 W, 100 %
2026/05/28 02:55:47.196, 102.76 W, 100 %
2026/05/28 02:55:47.303, 103.43 W, 100 %
2026/05/28 02:55:47.406, 104.11 W, 100 %
2026/05/28 02:55:47.510, 105.08 W, 100 %
2026/05/28 02:55:47.616, 103.85 W, 100 %
2026/05/28 02:55:47.724, 106.47 W, 100 %
2026/05/28 02:55:47.827, 105.80 W, 100 %
2026/05/28 02:55:47.931, 104.66 W, 100 %
2026/05/28 02:55:48.037, 104.01 W, 100 %
2026/05/28 02:55:48.144, 104.38 W, 100 %
2026/05/28 02:55:48.247, 103.32 W, 100 %
2026/05/28 02:55:48.350, 103.71 W, 100 %
2026/05/28 02:55:48.458, 102.88 W, 100 %
2026/05/28 02:55:48.565, 105.53 W, 100 %
2026/05/28 02:55:48.668, 106.10 W, 100 %
2026/05/28 02:55:48.771, 108.32 W, 100 %
2026/05/28 02:55:48.878, 109.92 W, 100 %
2026/05/28 02:55:48.986, 110.41 W, 100 %
2026/05/28 02:55:49.090, 110.78 W, 100 %
2026/05/28 02:55:49.193, 110.20 W, 100 %
2026/05/28 02:55:49.299, 111.93 W, 100 %
2026/05/28 02:55:49.407, 109.15 W, 100 %
2026/05/28 02:55:49.510, 108.90 W, 100 %
2026/05/28 02:55:49.614, 108.13 W, 100 %
2026/05/28 02:55:49.721, 107.10 W, 100 %
2026/05/28 02:55:49.824, 106.58 W, 100 %
2026/05/28 02:55:49.928, 107.15 W, 100 %
2026/05/28 02:55:50.031, 108.38 W, 100 %
2026/05/28 02:55:50.134, 109.53 W, 100 %
2026/05/28 02:55:50.242, 107.71 W, 100 %
2026/05/28 02:55:50.349, 110.39 W, 100 %
2026/05/28 02:55:50.452, 111.64 W, 100 %
2026/05/28 02:55:50.555, 108.59 W, 100 %
2026/05/28 02:55:50.662, 109.53 W, 100 %
2026/05/28 02:55:50.770, 109.09 W, 100 %
2026/05/28 02:55:50.873, 107.90 W, 100 %
2026/05/28 02:55:50.977, 110.39 W, 100 %
2026/05/28 02:55:51.083, 112.12 W, 100 %
2026/05/28 02:55:51.190, 110.01 W, 100 %
2026/05/28 02:55:51.293, 110.59 W, 100 %
2026/05/28 02:55:51.396, 107.95 W, 100 %
2026/05/28 02:55:51.504, 111.74 W, 100 %
2026/05/28 02:55:51.611, 109.92 W, 100 %
2026/05/28 02:55:51.714, 107.08 W, 100 %
2026/05/28 02:55:51.817, 104.32 W, 100 %
2026/05/28 02:55:51.925, 103.26 W, 100 %
2026/05/28 02:55:52.033, 105.35 W, 100 %
2026/05/28 02:55:52.136, 102.63 W, 100 %
2026/05/28 02:55:52.239, 104.79 W, 100 %
2026/05/28 02:55:52.346, 103.63 W, 100 %
2026/05/28 02:55:52.453, 105.18 W, 100 %
2026/05/28 02:55:52.556, 104.32 W, 100 %
2026/05/28 02:55:52.660, 103.55 W, 100 %
2026/05/28 02:55:52.766, 102.96 W, 100 %
2026/05/28 02:55:52.874, 105.14 W, 100 %
2026/05/28 02:55:52.977, 59.26 W, 100 %
2026/05/28 02:55:53.080, 38.26 W, 100 %
2026/05/28 02:55:53.187, 38.16 W, 24 %
2026/05/28 02:55:53.290, 38.16 W, 0 %
2026/05/28 02:55:53.393, 37.97 W, 0 %
